	<GraduatingStudents>
		<Student> 
			<SName>ian</SName>
			<GradYear>2009</GradYear>
			<Courses>
				<Course>
					<Title>calculus</Title>
					<YearTaken>2006</YearTaken>
					<Grade>A</Grade>
				</Course>
				<Course>
					<Title>shakespeare</Title>
					<YearTaken>2006</YearTaken>
					<Grade>C</Grade>
				</Course>
				<Course>
					<Title>pop culture</Title>
					<YearTaken>2007</YearTaken>
					<Grade>B+</Grade>
				</Course>
			</Courses>
		</Student>
		<Student> 
			<SName>ben</SName>
			<GradYear>2009</GradYear>
			<Courses>
				<Course>
					<Title>shakespeare</Title>
					<YearTaken>2006</YearTaken>
					<Grade>A-</Grade>
				</Course>
				<Course>
					<Title>databases</Title>
					<YearTaken>2007</YearTaken>
					<Grade>A</Grade>
				</Course>
			</Courses>
		</Student>
		<Student>
			<SName>tom</SName>
			<GradYear>2009</GradYear>
			<Courses>
				<Course>
					<Title>calculus</Title>
					<YearTaken>2006</YearTaken>
					<Grade>C-</Grade>
				</Course>
			</Courses>
		</Student>
	</GraduatingStudents>
